{"beneficiaryBICNames":[{"beneficiaryBICName":"string"}],"debitCurrencyId":"string","processingDate":"2024-01-30","creditCurrencyId":"string","beneficiaryIBAN":"string","debitAccountId":"string","beneficiaryAccountId":"string","overrides":[{"override":"string"}],"debitAmount":"number","beneficiaryOurCharges":"string","transactionType":"string","beneficiaryBICCity":"string","ref":"mock-party","beneficiaryBIC":"string","bankSortCode":"string","beneficiaryCustomerIds":[{"beneficiaryCustomerId":"string"}],"customerRate":"string","creditAccountId":"string","paymentDetails":[{"paymentDetail":"string"}],"creditAmount":"number","beneficiaryId":"string"}