<?xml version="1.0" encoding="UTF-8"?>
<beans xmlns="http://www.springframework.org/schema/beans"
    xmlns:xsi="http://www.w3.org/2001/XMLSchema-instance" 
    xmlns:camel="http://camel.apache.org/schema/spring"
    xsi:schemaLocation="
       http://www.springframework.org/schema/beans    
       http://www.springframework.org/schema/beans/spring-beans.xsd
       http://camel.apache.org/schema/spring
       http://camel.apache.org/schema/spring/camel-spring.xsd">
<camelContext xmlns="http://camel.apache.org/schema/spring" id="party-accounts-mb-api.service.v1.0">
    <onException>
        <exception>java.lang.Exception</exception>
        <handled>
            <constant>true</constant>
        </handled>
        <process ref="exceptionHandler"/>
    </onException>
    <restConfiguration component="servlet" producerApiDoc="mb-api-v1.0-swagger.json" bindingMode="auto" enableCORS="true"/>
    <rest path="/v1.0/party/accounts" produces="application/json" id="party-accounts.service.restlet">
        <get uri="/{accountId}/balance" id="getAccountBalance">
            <param name="accountId" type="path" required="true"/>
            <to uri="direct-vm:party-accounts.v1.0.getAccountBalance"/>
        </get>
    </rest>
    <route id="direct-vm.party-accounts.v1.0.getAccountBalance">
        <from uri="direct-vm:party-accounts.v1.0.getAccountBalance"/>
        <to uri="direct-vm:party-accounts.v1.0.0.getAccountBalance"/>
    </route>
</camelContext>

</beans>