<?xml version="1.0" encoding="UTF-8"?>
<beans xmlns="http://www.springframework.org/schema/beans"
    xmlns:xsi="http://www.w3.org/2001/XMLSchema-instance" 
    xmlns:camel="http://camel.apache.org/schema/spring"
    xsi:schemaLocation="
       http://www.springframework.org/schema/beans    
       http://www.springframework.org/schema/beans/spring-beans.xsd
       http://camel.apache.org/schema/spring
       http://camel.apache.org/schema/spring/camel-spring.xsd">
<camelContext xmlns="http://camel.apache.org/schema/spring" id="party-jbl-jbl-api.service.v1.0.0">
    <onException>
        <exception>java.lang.Exception</exception>
        <handled>
            <constant>true</constant>
        </handled>
        <process ref="exceptionHandler"/>
    </onException>
    <restConfiguration component="servlet" producerApiDoc="jbl-api-v1.0.0-swagger.json" bindingMode="auto" enableCORS="true"/>
    <rest path="/v1.0.0/party/jbl" produces="application/json" id="party-jbl.service.restlet">
        <get uri="/RTGS/account/balance/{id}" id="getJblAccountBalance">
            <param name="id" type="path" required="true"/>
            <to uri="direct-vm:party-jbl.v1.0.0.getJblAccountBalance"/>
        </get>
    </rest>
    <route id="direct-vm.party-jbl.v1.0.0.getJblAccountBalance">
        <from uri="direct-vm:party-jbl.v1.0.0.getJblAccountBalance"/>
        <setProperty propertyName="operationSecurity">
            <constant>Public</constant>
        </setProperty>
        <setProperty propertyName="isBulk">
            <constant>false</constant>
        </setProperty>
        <setProperty propertyName="target">
            <constant>AC.API.JBL.ACCOUNT.BALANCE.1.0.0</constant>
        </setProperty>
        <setProperty propertyName="selection1">
            <constant>@ID EQ {id}</constant>
        </setProperty>
        <process ref="t24EnquiryProcessor"/>
    </route>
    <route id="direct.mockResponder">
        <from uri="direct:mockResponder"/>
        <process ref="mockResponder"/>
    </route>
</camelContext>

</beans>