{
  "swagger" : "2.0",
  "info" : {
    "description" : "API for FT Reconciliation",
    "version" : "v1.0.0",
    "title" : "API for FT Recon"
  },
  "host" : "localhost:9089",
  "basePath" : "/api/v1.0.0/",
  "tags" : [ ],
  "schemes" : [ "http", "https" ],
  "security" : [ {
    "basicAuth" : [ ]
  }, {
    "apiKey" : [ ]
  } ],
  "paths" : {
    "/party/jbl/psopsp/ft/reconciliation/{id}" : {
      "get" : {
        "tags" : [ ],
        "summary" : "API for FT Reconciliation",
        "description" : "API for FT Recon",
        "operationId" : "getFtReconciliation",
        "produces" : [ "application/json" ],
        "parameters" : [ {
          "name" : "id",
          "in" : "path",
          "required" : true,
          "type" : "string"
        }, {
          "name" : "reference",
          "in" : "query",
          "description" : "Indicates the transaction reference for which the history of transactions is requested. It is steered by the attribute 'booked' given the start date and end date or the entry from which the history is requested",
          "required" : false,
          "type" : "string"
        }, {
          "name" : "page_size",
          "in" : "query",
          "description" : "The total number of records per page",
          "required" : false,
          "type" : "integer",
          "format" : "int32"
        }, {
          "name" : "page_start",
          "in" : "query",
          "description" : "The record from which the response should be displayed",
          "required" : false,
          "type" : "integer",
          "format" : "int32"
        }, {
          "name" : "page_token",
          "in" : "query",
          "description" : "Unique id expected to get as part of response from Transact on every enquiry request.",
          "required" : false,
          "type" : "string"
        }, {
          "name" : "credentials",
          "in" : "header",
          "description" : "Username and password to authenticate the API against core-banking.",
          "required" : false,
          "type" : "string"
        }, {
          "name" : "companyId",
          "in" : "header",
          "description" : "Identifier of the lead company of the underlying Entity/Company/Branch for the respective contract for customer data protection purposes. Example US0010001.",
          "required" : false,
          "type" : "string"
        }, {
          "name" : "deviceId",
          "in" : "header",
          "description" : "Identifies the device type",
          "required" : false,
          "type" : "string"
        }, {
          "name" : "userRole",
          "in" : "header",
          "description" : "User who initiated the transaction",
          "required" : false,
          "type" : "string"
        }, {
          "name" : "disablePagination",
          "in" : "header",
          "description" : "Indicates the pagination header attributes availability. If set to 'true', it fetches all the data",
          "required" : false,
          "type" : "boolean"
        } ],
        "responses" : {
          "200" : {
            "description" : "FtReconciliationResponse",
            "schema" : {
              "$ref" : "#/definitions/FtReconciliationResponse"
            }
          },
          "default" : {
            "description" : "QueryErrorResponse",
            "schema" : {
              "$ref" : "#/definitions/QueryErrorResponse"
            }
          },
          "400" : {
            "description" : "BusinessQueryErrorResponse",
            "schema" : {
              "$ref" : "#/definitions/BusinessQueryErrorResponse"
            }
          },
          "500" : {
            "description" : "SystemQueryErrorResponse",
            "schema" : {
              "$ref" : "#/definitions/SystemQueryErrorResponse"
            }
          }
        }
      }
    }
  },
  "securityDefinitions" : {
    "basicAuth" : {
      "type" : "basic"
    },
    "apiKey" : {
      "type" : "apiKey",
      "name" : "Authorization",
      "in" : "header"
    }
  },
  "definitions" : {
    "QueryHeader" : {
      "properties" : {
        "audit" : {
          "type" : "object",
          "properties" : {
            "T24_time" : {
              "type" : "integer",
              "format" : "int32",
              "description" : "Time taken to response by Transact"
            },
            "versionNumber" : {
              "type" : "string",
              "description" : "The CURR.NO. of the record"
            },
            "requestParse_time" : {
              "type" : "number",
              "description" : "Time taken to parse the request by IRIS"
            },
            "responseParse_time" : {
              "type" : "number",
              "description" : "Time taken to parse the response by IRIS"
            }
          }
        },
        "status" : {
          "type" : "string",
          "description" : "Status of the API(success/failed)"
        },
        "page_size" : {
          "type" : "integer",
          "format" : "int32",
          "description" : "The total number of records per page"
        },
        "page_start" : {
          "type" : "integer",
          "format" : "int32",
          "description" : "The record from which the response should be displayed"
        },
        "total_size" : {
          "type" : "integer",
          "format" : "int32",
          "description" : "The total number of records present"
        },
        "page_token" : {
          "type" : "string",
          "description" : "Unique id expected to get as part of response from Transact on every enquiry request"
        }
      }
    },
    "FtReconciliationResponse" : {
      "properties" : {
        "header" : {
          "$ref" : "#/definitions/QueryHeader"
        },
        "body" : {
          "$ref" : "#/definitions/FtReconciliationResponseBody"
        }
      },
      "description" : "FtReconciliationResponse"
    },
    "FtReconciliationResponseBody" : {
      "type" : "array",
      "items" : {
        "type" : "object",
        "properties" : {
          "referenceId" : {
            "type" : "string",
            "description" : "Identifies the unique identifier of the activity.",
            "maxLength" : 25
          },
          "debitAccount" : {
            "type" : "string",
            "description" : " Identifier of the debitAccounts.",
            "maxLength" : 36
          },
          "debitAccountCompany" : {
            "type" : "string",
            "description" : "Contains the company of the debit party"
          },
          "creditAccount" : {
            "type" : "string",
            "description" : "Identifier of the creditAccounts.",
            "maxLength" : 36
          },
          "creditAccountCompany" : {
            "type" : "string",
            "description" : "Contains the company of the credit party"
          },
          "creditAccountName" : {
            "type" : "string",
            "description" : "Account name details of the creditor"
          },
          "amount" : {
            "type" : "string",
            "description" : "This is the payment amount",
            "maxLength" : 22
          },
          "creditCurrency" : {
            "type" : "string",
            "description" : "Currency of the account which funds will be transferred to.",
            "maxLength" : 3
          },
          "narrative" : {
            "type" : "string",
            "description" : "The additional text printed on descriptive statements in addition to the standard narrative and/or reference",
            "maxLength" : 27
          },
          "recordStatus" : {
            "type" : "string",
            "description" : "General status of the record. Possible values: - null - authorised - IHLD - input, on hold - INAU - input, not authorised - INA2 - input, authorised, pending second authorisation - INAO - input, not authorised with blocking overrides - RNAU - reversed, not authorised - RNAO - reversed, not authorised with blocking overrides",
            "maxLength" : 6
          }
        }
      }
    },
    "ErrorHeader" : {
      "properties" : {
        "audit" : {
          "type" : "object",
          "properties" : {
            "T24_time" : {
              "type" : "integer",
              "format" : "int32",
              "description" : "Time taken to response by Transact"
            },
            "versionNumber" : {
              "type" : "string",
              "description" : "The CURR.NO. of the record"
            },
            "requestParse_time" : {
              "type" : "number",
              "description" : "Time taken to parse the request by IRIS"
            },
            "responseParse_time" : {
              "type" : "number",
              "description" : "Time taken to parse the response by IRIS"
            }
          }
        },
        "status" : {
          "type" : "string",
          "description" : "Status of the API(success/failed)"
        }
      }
    },
    "QueryErrorResponse" : {
      "properties" : {
        "header" : {
          "$ref" : "#/definitions/ErrorHeader"
        },
        "error" : {
          "$ref" : "#/definitions/QueryErrorResponseBody"
        }
      },
      "description" : "QueryErrorResponse"
    },
    "QueryErrorResponseBody" : {
      "type" : "object",
      "properties" : {
        "code" : {
          "type" : "string",
          "description" : "The identifier of the error message"
        },
        "message" : {
          "type" : "string",
          "description" : "The actual Transact error message "
        },
        "type" : {
          "type" : "string",
          "description" : "The identifier of error type: "
        }
      }
    },
    "BusinessQueryErrorResponse" : {
      "properties" : {
        "header" : {
          "$ref" : "#/definitions/ErrorHeader"
        },
        "error" : {
          "$ref" : "#/definitions/BusinessQueryErrorResponseBody"
        }
      },
      "description" : "BusinessQueryErrorResponse"
    },
    "BusinessQueryErrorResponseBody" : {
      "type" : "object",
      "properties" : {
        "code" : {
          "type" : "string",
          "description" : "The identifier of the error message"
        },
        "message" : {
          "type" : "string",
          "description" : "The actual Transact error message for bad requests"
        },
        "type" : {
          "type" : "string",
          "description" : "The identifier of error type: Business"
        }
      }
    },
    "SystemQueryErrorResponse" : {
      "properties" : {
        "header" : {
          "$ref" : "#/definitions/ErrorHeader"
        },
        "error" : {
          "$ref" : "#/definitions/SystemQueryErrorResponseBody"
        }
      },
      "description" : "SystemQueryErrorResponse"
    },
    "SystemQueryErrorResponseBody" : {
      "type" : "object",
      "properties" : {
        "code" : {
          "type" : "string",
          "description" : "The identifier of the error message"
        },
        "message" : {
          "type" : "string",
          "description" : "The actual Transact error message caused by server"
        },
        "type" : {
          "type" : "string",
          "description" : "The identifier of error type: System"
        }
      }
    }
  }
}