<?xml version="1.0" encoding="UTF-8"?>
<beans xmlns="http://www.springframework.org/schema/beans"
    xmlns:xsi="http://www.w3.org/2001/XMLSchema-instance" 
    xmlns:camel="http://camel.apache.org/schema/spring"
    xsi:schemaLocation="
       http://www.springframework.org/schema/beans    
       http://www.springframework.org/schema/beans/spring-beans.xsd
       http://camel.apache.org/schema/spring
       http://camel.apache.org/schema/spring/camel-spring.xsd">
<camelContext xmlns="http://camel.apache.org/schema/spring" id="party-jbl-jbl-api.service.v1">
    <onException>
        <exception>java.lang.Exception</exception>
        <handled>
            <constant>true</constant>
        </handled>
        <process ref="exceptionHandler"/>
    </onException>
    <restConfiguration component="servlet" producerApiDoc="jbl-api-v1-swagger.json" bindingMode="auto" enableCORS="true"/>
    <rest path="/v1/party/jbl" produces="application/json" id="party-jbl.service.restlet">
        <get uri="/psopsp/ft/reconciliation/{id}" id="getFtReconciliation">
            <param name="id" type="path" required="true"/>
            <to uri="direct-vm:party-jbl.v1.getFtReconciliation"/>
        </get>
    </rest>
    <route id="direct-vm.party-jbl.v1.getFtReconciliation">
        <from uri="direct-vm:party-jbl.v1.getFtReconciliation"/>
        <to uri="direct-vm:party-jbl.v1.0.0.getFtReconciliation"/>
    </route>
</camelContext>

</beans>