{
  "swagger" : "2.0",
  "info" : {
    "description" : "API for SMS Service",
    "version" : "v1.0.0",
    "title" : "Sms API"
  },
  "host" : "localhost:9089",
  "basePath" : "/api/v1.0.0/",
  "tags" : [ ],
  "schemes" : [ "http", "https" ],
  "security" : [ {
    "basicAuth" : [ ]
  }, {
    "apiKey" : [ ]
  } ],
  "paths" : {
    "/party/ebjblsmsstore/smsNumber/contact" : {
      "post" : {
        "tags" : [ ],
        "summary" : "storeSmsFromSmsBookThroughAPI",
        "description" : "storeSmsFromSmsBookThroughAPI",
        "operationId" : "createSms",
        "produces" : [ "application/json" ],
        "parameters" : [ {
          "in" : "body",
          "name" : "payload",
          "description" : "body Payload",
          "required" : true,
          "schema" : {
            "$ref" : "#/definitions/Sms"
          }
        }, {
          "name" : "validate_only",
          "in" : "query",
          "description" : "The identifier to indicate if it is set to only validate or not.",
          "required" : false,
          "type" : "boolean"
        }, {
          "name" : "credentials",
          "in" : "header",
          "description" : "Username and password to authenticate the API against core-banking.",
          "required" : false,
          "type" : "string"
        }, {
          "name" : "companyId",
          "in" : "header",
          "description" : "Identifier of the lead company of the underlying Entity/Company/Branch for the respective contract for customer data protection purposes. Example US0010001.",
          "required" : false,
          "type" : "string"
        }, {
          "name" : "deviceId",
          "in" : "header",
          "description" : "Identifies the device type",
          "required" : false,
          "type" : "string"
        }, {
          "name" : "userRole",
          "in" : "header",
          "description" : "User who initiated the transaction",
          "required" : false,
          "type" : "string"
        } ],
        "responses" : {
          "200" : {
            "description" : "SmsResponse",
            "schema" : {
              "$ref" : "#/definitions/SmsResponse"
            }
          },
          "default" : {
            "description" : "ScreenErrorResponse",
            "schema" : {
              "$ref" : "#/definitions/ScreenErrorResponse"
            }
          },
          "400" : {
            "description" : "BusinessScreenErrorResponse",
            "schema" : {
              "$ref" : "#/definitions/BusinessScreenErrorResponse"
            }
          },
          "500" : {
            "description" : "SystemScreenErrorResponse",
            "schema" : {
              "$ref" : "#/definitions/SystemScreenErrorResponse"
            }
          }
        }
      }
    }
  },
  "securityDefinitions" : {
    "basicAuth" : {
      "type" : "basic"
    },
    "apiKey" : {
      "type" : "apiKey",
      "name" : "Authorization",
      "in" : "header"
    }
  },
  "definitions" : {
    "PayloadHeader" : {
      "properties" : {
        "override" : {
          "type" : "object",
          "properties" : {
            "overrideDetails" : {
              "type" : "array",
              "items" : {
                "type" : "object",
                "properties" : {
                  "id" : {
                    "type" : "string",
                    "description" : "The identifier of the override."
                  },
                  "description" : {
                    "type" : "string",
                    "description" : "The actual override message."
                  },
                  "code" : {
                    "type" : "string",
                    "description" : "The code related to override message."
                  },
                  "responseCode" : {
                    "type" : "string",
                    "description" : "The user input to accept/reject the override."
                  }
                }
              }
            }
          }
        },
        "audit" : {
          "type" : "object",
          "properties" : {
            "versionNumber" : {
              "type" : "string",
              "description" : "The CURR.NO. of the record"
            }
          }
        }
      }
    },
    "Sms" : {
      "properties" : {
        "header" : {
          "$ref" : "#/definitions/PayloadHeader"
        },
        "body" : {
          "$ref" : "#/definitions/SmsBody"
        }
      },
      "description" : "Sms"
    },
    "SmsBody" : {
      "type" : "object",
      "properties" : {
        "messageContent" : {
          "type" : "string",
          "description" : "It indicates whether only the current information or previous and current information needs to be passed to form the message.",
          "minLength" : 0,
          "maxLength" : 14
        },
        "smsNumber" : {
          "type" : "string",
          "description" : "The mobile SMS number of the customer",
          "minLength" : 0,
          "maxLength" : 9
        }
      }
    },
    "ScreenHeader" : {
      "properties" : {
        "id" : {
          "type" : "string",
          "description" : "The Identifier of the record created"
        },
        "status" : {
          "type" : "string",
          "description" : "Status of the API(success/failed)"
        },
        "transactionStatus" : {
          "type" : "string",
          "description" : "The status of the transaction"
        },
        "uniqueIdentifier" : {
          "type" : "string",
          "description" : "The unique identifier/Message Reference of the record created."
        },
        "audit" : {
          "type" : "object",
          "properties" : {
            "T24_time" : {
              "type" : "integer",
              "format" : "int32",
              "description" : "Time taken to response by Transact"
            },
            "versionNumber" : {
              "type" : "string",
              "description" : "The CURR.NO. of the record"
            },
            "requestParse_time" : {
              "type" : "number",
              "description" : "Time taken to parse the request by IRIS"
            },
            "responseParse_time" : {
              "type" : "number",
              "description" : "Time taken to parse the response by IRIS"
            }
          }
        }
      }
    },
    "SmsResponse" : {
      "properties" : {
        "header" : {
          "$ref" : "#/definitions/ScreenHeader"
        },
        "body" : {
          "$ref" : "#/definitions/SmsResponseBody"
        }
      },
      "description" : "SmsResponse"
    },
    "SmsResponseBody" : {
      "type" : "object",
      "properties" : {
        "messageContent" : {
          "type" : "string",
          "description" : "It indicates whether only the current information or previous and current information needs to be passed to form the message.",
          "minLength" : 0,
          "maxLength" : 14
        },
        "smsNumber" : {
          "type" : "string",
          "description" : "The mobile SMS number of the customer",
          "minLength" : 0,
          "maxLength" : 9
        }
      }
    },
    "ErrorHeader" : {
      "properties" : {
        "id" : {
          "type" : "string",
          "description" : "The Identifier of the record created"
        },
        "status" : {
          "type" : "string",
          "description" : "Status of the API(success/failed)"
        },
        "transactionStatus" : {
          "type" : "string",
          "description" : "The status of the transaction"
        },
        "uniqueIdentifier" : {
          "type" : "string",
          "description" : "The unique identifier/Message Reference of the record created."
        },
        "audit" : {
          "type" : "object",
          "properties" : {
            "T24_time" : {
              "type" : "integer",
              "format" : "int32",
              "description" : "Time taken to response by Transact"
            },
            "versionNumber" : {
              "type" : "string",
              "description" : "The CURR.NO. of the record"
            },
            "requestParse_time" : {
              "type" : "number",
              "description" : "Time taken to parse the request by IRIS"
            },
            "responseParse_time" : {
              "type" : "number",
              "description" : "Time taken to parse the response by IRIS"
            }
          }
        }
      }
    },
    "overrideBody" : {
      "properties" : {
        "overrideDetails" : {
          "type" : "array",
          "items" : {
            "type" : "object",
            "properties" : {
              "id" : {
                "type" : "string",
                "description" : "The identifier of the override."
              },
              "description" : {
                "type" : "string",
                "description" : "The actual override message."
              },
              "code" : {
                "type" : "string",
                "description" : "The code related to override message."
              },
              "options" : {
                "type" : "array",
                "description" : "The usable options for the override.",
                "items" : {
                  "type" : "string"
                }
              },
              "type" : {
                "type" : "string",
                "description" : "The type of the override."
              }
            }
          }
        }
      }
    },
    "ScreenErrorResponse" : {
      "properties" : {
        "header" : {
          "$ref" : "#/definitions/ErrorHeader"
        },
        "error" : {
          "$ref" : "#/definitions/ScreenErrorResponseBody"
        },
        "override" : {
          "$ref" : "#/definitions/overrideBody"
        }
      },
      "description" : "ScreenErrorResponse"
    },
    "ScreenErrorResponseBody" : {
      "type" : "object",
      "properties" : {
        "errorDetails" : {
          "type" : "array",
          "items" : {
            "type" : "object",
            "properties" : {
              "fieldName" : {
                "type" : "string",
                "description" : "The name of the field"
              },
              "code" : {
                "type" : "string",
                "description" : "The identifier of the error message"
              },
              "message" : {
                "type" : "string",
                "description" : "The actual Transact error message "
              }
            }
          }
        },
        "type" : {
          "type" : "string",
          "description" : "The identifier of error type: "
        }
      }
    },
    "BusinessScreenErrorResponse" : {
      "properties" : {
        "header" : {
          "$ref" : "#/definitions/ErrorHeader"
        },
        "error" : {
          "$ref" : "#/definitions/BusinessScreenErrorResponseBody"
        },
        "override" : {
          "$ref" : "#/definitions/overrideBody"
        }
      },
      "description" : "BusinessScreenErrorResponse"
    },
    "BusinessScreenErrorResponseBody" : {
      "type" : "object",
      "properties" : {
        "errorDetails" : {
          "type" : "array",
          "items" : {
            "type" : "object",
            "properties" : {
              "fieldName" : {
                "type" : "string",
                "description" : "The name of the field"
              },
              "code" : {
                "type" : "string",
                "description" : "The identifier of the error message"
              },
              "message" : {
                "type" : "string",
                "description" : "The actual Transact error message for bad requests"
              }
            }
          }
        },
        "type" : {
          "type" : "string",
          "description" : "The identifier of error type: Business"
        }
      }
    },
    "SystemScreenErrorResponse" : {
      "properties" : {
        "header" : {
          "$ref" : "#/definitions/ErrorHeader"
        },
        "error" : {
          "$ref" : "#/definitions/SystemScreenErrorResponseBody"
        },
        "override" : {
          "$ref" : "#/definitions/overrideBody"
        }
      },
      "description" : "SystemScreenErrorResponse"
    },
    "SystemScreenErrorResponseBody" : {
      "type" : "object",
      "properties" : {
        "errorDetails" : {
          "type" : "array",
          "items" : {
            "type" : "object",
            "properties" : {
              "fieldName" : {
                "type" : "string",
                "description" : "The name of the field"
              },
              "code" : {
                "type" : "string",
                "description" : "The identifier of the error message"
              },
              "message" : {
                "type" : "string",
                "description" : "The actual Transact error message caused by server"
              }
            }
          }
        },
        "type" : {
          "type" : "string",
          "description" : "The identifier of error type: System"
        }
      }
    }
  }
}