<?xml version="1.0" encoding="UTF-8"?>
<beans xmlns="http://www.springframework.org/schema/beans"
    xmlns:xsi="http://www.w3.org/2001/XMLSchema-instance" 
    xmlns:camel="http://camel.apache.org/schema/spring"
    xsi:schemaLocation="
       http://www.springframework.org/schema/beans    
       http://www.springframework.org/schema/beans/spring-beans.xsd
       http://camel.apache.org/schema/spring
       http://camel.apache.org/schema/spring/camel-spring.xsd">
<camelContext xmlns="http://camel.apache.org/schema/spring" id="party-ebjblsmsstore-sms-api.service.v1">
    <onException>
        <exception>java.lang.Exception</exception>
        <handled>
            <constant>true</constant>
        </handled>
        <process ref="exceptionHandler"/>
    </onException>
    <restConfiguration component="servlet" producerApiDoc="sms-api-v1-swagger.json" bindingMode="auto" enableCORS="true"/>
    <rest path="/v1/party/ebjblsmsstore" produces="application/json" id="party-ebjblsmsstore.service.restlet">
        <post uri="/smsNumber/contact" id="createSms">
            <to uri="direct-vm:party-ebjblsmsstore.v1.createSms"/>
        </post>
    </rest>
    <route id="direct-vm.party-ebjblsmsstore.v1.createSms">
        <from uri="direct-vm:party-ebjblsmsstore.v1.createSms"/>
        <to uri="direct-vm:party-ebjblsmsstore.v1.0.0.createSms"/>
    </route>
</camelContext>

</beans>